A,R,N,D,C,E,Q,G,H,I,L,K,M,F,P,S,T,W,Y,V,class
0,0.136363636,0.007905138,0.011857708,0.07312253,0.07312253,0.057312253,0.106719368,0.079051383,0.005928854,0.067193676,0.049407115,0,0.035573123,0.033596838,0.071146245,0.081027668,0.013833992,0.037549407,0.059288538, DNA
0.076923077,0.041275797,0.030018762,0.031894934,0.015009381,0.037523452,0.048780488,0.063789869,0.020637899,0.030018762,0.056285178,0.03564728,0.022514071,0.048780488,0.12945591,0.168855535,0.08630394,0.001876173,0.028142589,0.026266417, DNA
0.116147309,0.053824363,0.014164306,0.028328612,0.014164306,0.07082153,0.036827195,0.161473088,0.090651558,0.011331445,0.076487252,0.045325779,0.016997167,0.033994334,0.076487252,0.076487252,0.019830028,0.002832861,0.019830028,0.033994334, DNA
0.076732673,0.056930693,0.024752475,0.017326733,0.014851485,0.089108911,0.047029703,0.121287129,0.014851485,0.03960396,0.091584158,0.037128713,0.00990099,0.012376238,0.103960396,0.069306931,0.056930693,0.022277228,0.00990099,0.084158416, DNA
0.128099174,0.064049587,0.02892562,0.055785124,0.008264463,0.045454545,0.088842975,0.061983471,0.022727273,0.051652893,0.109504132,0.02892562,0.01446281,0.037190083,0.07231405,0.051652893,0.035123967,0.037190083,0.02892562,0.02892562, DNA
0.049881235,0.095011876,0.042755344,0.023752969,0.047505938,0.06175772,0.052256532,0.057007126,0.033254157,0.021377672,0.06175772,0.080760095,0.014251781,0.049881235,0.059382423,0.102137767,0.06175772,0.007125891,0.023752969,0.054631829, DNA
0.064661654,0.057142857,0.039097744,0.045112782,0.016541353,0.081203008,0.046616541,0.064661654,0.027067669,0.031578947,0.064661654,0.04962406,0.02556391,0.045112782,0.076691729,0.112781955,0.05112782,0.018045113,0.012030075,0.070676692, DNA
0.056265985,0.063938619,0.033248082,0.066496164,0.015345269,0.081841432,0.040920716,0.074168798,0.020460358,0.023017903,0.092071611,0.066496164,0.020460358,0.038363171,0.056265985,0.104859335,0.051150895,0.023017903,0.035805627,0.035805627, DNA
0.13304721,0.070815451,0.010729614,0.096566524,0.002145923,0.107296137,0.0472103,0.053648069,0.006437768,0.042918455,0.094420601,0.072961373,0.015021459,0.015021459,0.038626609,0.042918455,0.06223176,0.008583691,0.019313305,0.060085837, DNA
0.041666667,0.041666667,0.055555556,0.055555556,0,0.152777778,0,0.069444444,0.013888889,0.069444444,0.111111111,0.125,0.027777778,0.027777778,0.027777778,0.055555556,0.027777778,0.041666667,0.013888889,0.041666667, DNA
0.052715655,0.055910543,0.036741214,0.073482428,0.022364217,0.051118211,0.028753994,0.07827476,0.02715655,0.057507987,0.079872204,0.060702875,0.030351438,0.033546326,0.068690096,0.107028754,0.059105431,0.006389776,0.023961661,0.046325879, DNA
0.107186358,0.074299635,0.045066991,0.069427527,0.020706456,0.046285018,0.049939099,0.040194884,0.03045067,0.035322777,0.102314251,0.029232643,0.019488429,0.03045067,0.062119367,0.09500609,0.053593179,0.023142509,0.021924482,0.043848965, DNA
0.08974359,0.102564103,0.012820513,0.064102564,0.032051282,0.083333333,0.032051282,0.064102564,0.044871795,0.057692308,0.102564103,0.044871795,0.012820513,0.038461538,0.019230769,0.032051282,0.064102564,0.032051282,0.012820513,0.057692308, DNA
0.085950413,0.102479339,0.009917355,0.052892562,0.06446281,0.05785124,0.054545455,0.080991736,0.01322314,0.014876033,0.067768595,0.067768595,0.008264463,0.026446281,0.105785124,0.059504132,0.052892562,0.01322314,0.01322314,0.047933884, DNA
0.153061224,0.035714286,0.015306122,0.020408163,0,0.030612245,0.025510204,0.040816327,0.010204082,0.030612245,0.030612245,0.295918367,0.010204082,0.005102041,0.081632653,0.107142857,0.030612245,0,0.015306122,0.06122449, DNA
0.066074951,0.032544379,0.035502959,0.061143984,0.013806706,0.073964497,0.033530572,0.070019724,0.018737673,0.047337278,0.088757396,0.124260355,0.024654832,0.029585799,0.043392505,0.08382643,0.041420118,0.012820513,0.031558185,0.067061144, DNA
0.076190476,0.066666667,0.038095238,0.047619048,0.00952381,0.133333333,0.028571429,0.038095238,0.028571429,0.066666667,0.085714286,0.076190476,0.028571429,0.019047619,0.057142857,0.057142857,0.057142857,0.019047619,0.028571429,0.038095238, DNA
0.074696545,0.051353875,0.035480859,0.056956116,0.011204482,0.075630252,0.025210084,0.077497666,0.018674136,0.058823529,0.081232493,0.066293184,0.021475257,0.038281979,0.042016807,0.081232493,0.059757236,0.009337068,0.040149393,0.074696545, DNA
0.096969697,0.084848485,0.03030303,0.054545455,0.006060606,0.084848485,0.018181818,0.139393939,0,0.024242424,0.042424242,0.036363636,0.012121212,0.048484848,0.054545455,0.096969697,0.072727273,0.018181818,0.006060606,0.072727273, DNA
0.140625,0.0703125,0.0078125,0.03125,0,0.0390625,0.0390625,0.1171875,0.046875,0.0703125,0.09375,0.109375,0.0078125,0.0078125,0.0234375,0.0625,0.0625,0,0.015625,0.0546875, DNA
0.125,0.0703125,0.0078125,0.03125,0,0.0390625,0.0390625,0.1171875,0.046875,0.0703125,0.09375,0.109375,0.0078125,0.0078125,0.0234375,0.0703125,0.0625,0,0.015625,0.0625, DNA
0.086734694,0.107142857,0.056122449,0.030612245,0,0.112244898,0.040816327,0.045918367,0.010204082,0.071428571,0.137755102,0.051020408,0.030612245,0.056122449,0.020408163,0.06122449,0.030612245,0.005102041,0.015306122,0.030612245, DNA
0.054597701,0.041666667,0.060344828,0.050287356,0.012931034,0.048850575,0.084770115,0.081896552,0.018678161,0.04454023,0.076149425,0.038793103,0.020114943,0.040229885,0.091954023,0.076149425,0.073275862,0.002873563,0.021551724,0.060344828, DNA
0.040268456,0.046979866,0.036912752,0.070469799,0.006711409,0.070469799,0.030201342,0.063758389,0.020134228,0.080536913,0.063758389,0.097315436,0.040268456,0.05704698,0.040268456,0.05704698,0.070469799,0.006711409,0.040268456,0.060402685, DNA
0.04109589,0.052837573,0.056751468,0.082191781,0.01369863,0.088062622,0.039138943,0.056751468,0.025440313,0.052837573,0.074363992,0.084148728,0.031311155,0.035225049,0.033268102,0.084148728,0.062622309,0.015655577,0.025440313,0.045009785, DNA
0.078740157,0.05511811,0.062992126,0.039370079,0.007874016,0.133858268,0.031496063,0.031496063,0.015748031,0.05511811,0.078740157,0.086614173,0.039370079,0.047244094,0.015748031,0.102362205,0.023622047,0,0.023622047,0.070866142, DNA
0.06122449,0.054421769,0.047619048,0.081632653,0.027210884,0.020408163,0.034013605,0.040816327,0.020408163,0.081632653,0.081632653,0.054421769,0.027210884,0.040816327,0.102040816,0.074829932,0.054421769,0.020408163,0.040816327,0.034013605, DNA
0.121495327,0.102803738,0.028037383,0.009345794,0,0.102803738,0.046728972,0.093457944,0.018691589,0.046728972,0.102803738,0.074766355,0.028037383,0.009345794,0.037383178,0.093457944,0.018691589,0,0,0.065420561, DNA
0.094214876,0.049586777,0.052892562,0.051239669,0.023140496,0.07768595,0.044628099,0.052892562,0.024793388,0.033057851,0.107438017,0.066115702,0.014876033,0.056198347,0.024793388,0.080991736,0.054545455,0.018181818,0.024793388,0.047933884, DNA
0.111111111,0.043209877,0.037037037,0.067901235,0,0.086419753,0.030864198,0.111111111,0.00617284,0.055555556,0.018518519,0.135802469,0.024691358,0.024691358,0.055555556,0.086419753,0.043209877,0.00617284,0.018518519,0.037037037, DNA
0.083106267,0.04359673,0.0626703,0.058583106,0.008174387,0.032697548,0.054495913,0.081743869,0.027247956,0.039509537,0.061307902,0.047683924,0.017711172,0.040871935,0.076294278,0.061307902,0.09400545,0.021798365,0.039509537,0.047683924, DNA
0.074277854,0.044016506,0.077028886,0.055020633,0.005502063,0.037138927,0.044016506,0.088033012,0.020632737,0.04264099,0.057771664,0.050894085,0.019257221,0.045392022,0.083906465,0.052269601,0.085281981,0.020632737,0.039889959,0.056396149, DNA
0.060822898,0.084078712,0.012522361,0.04293381,0.041144902,0.050089445,0.033989267,0.1019678,0.026833631,0.016100179,0.105545617,0.04293381,0.008944544,0.032200358,0.096601073,0.105545617,0.035778175,0.021466905,0.025044723,0.055456172, DNA
0.111111111,0.069444444,0.083333333,0.013888889,0,0.069444444,0.111111111,0.097222222,0.013888889,0.055555556,0.083333333,0.027777778,0.041666667,0.027777778,0.013888889,0.097222222,0.041666667,0,0,0.041666667, DNA
0.071278826,0.037735849,0.037735849,0.073375262,0.012578616,0.035639413,0.056603774,0.090146751,0.062893082,0.033542977,0.071278826,0.035639413,0.050314465,0.025157233,0.102725367,0.088050314,0.037735849,0.006289308,0.023060797,0.048218029, DNA
0.069444444,0.041666667,0.069444444,0.083333333,0.013888889,0.097222222,0.041666667,0.013888889,0.027777778,0.069444444,0.138888889,0.083333333,0.041666667,0.013888889,0.041666667,0.055555556,0.013888889,0,0.013888889,0.069444444, DNA
0.088607595,0.101265823,0.025316456,0.088607595,0,0.063291139,0.012658228,0.075949367,0,0.050632911,0.113924051,0.025316456,0.025316456,0.037974684,0.075949367,0.075949367,0.063291139,0,0.012658228,0.063291139, DNA
0.064516129,0.056451613,0.038306452,0.064516129,0.008064516,0.034274194,0.056451613,0.060483871,0.030241935,0.054435484,0.074596774,0.096774194,0.016129032,0.028225806,0.040322581,0.096774194,0.080645161,0.022177419,0.028225806,0.048387097, DNA
0.130232558,0.120930233,0,0.046511628,0.009302326,0.060465116,0.03255814,0.074418605,0.027906977,0.041860465,0.111627907,0.013953488,0.023255814,0.023255814,0.041860465,0.046511628,0.079069767,0.009302326,0.023255814,0.08372093, DNA
0.048034934,0.096069869,0.021834061,0.056768559,0.004366812,0.104803493,0.030567686,0.065502183,0.030567686,0.048034934,0.087336245,0.030567686,0.052401747,0.03930131,0.061135371,0.03930131,0.052401747,0.013100437,0.021834061,0.096069869, DNA
0.066037736,0.047169811,0.048742138,0.047169811,0.01572327,0.080188679,0.055031447,0.047169811,0.040880503,0.045597484,0.080188679,0.06918239,0.01572327,0.020440252,0.080188679,0.089622642,0.058176101,0.018867925,0.022012579,0.051886792, DNA
0.117647059,0.125,0.007352941,0.029411765,0,0.051470588,0.058823529,0.051470588,0.014705882,0.051470588,0.095588235,0.117647059,0.007352941,0.036764706,0.036764706,0.073529412,0.066176471,0,0.014705882,0.044117647, DNA
0.132352941,0.132352941,0.007352941,0.029411765,0.014705882,0.051470588,0.058823529,0.051470588,0.014705882,0.051470588,0.088235294,0.095588235,0.022058824,0.029411765,0.044117647,0.036764706,0.073529412,0,0.022058824,0.044117647, DNA
0.132352941,0.132352941,0.007352941,0.029411765,0.007352941,0.051470588,0.058823529,0.051470588,0.014705882,0.051470588,0.088235294,0.095588235,0.022058824,0.029411765,0.044117647,0.044117647,0.073529412,0,0.022058824,0.044117647, DNA
0.132352941,0.132352941,0.007352941,0.029411765,0.007352941,0.051470588,0.058823529,0.058823529,0.014705882,0.058823529,0.088235294,0.095588235,0.014705882,0.029411765,0.044117647,0.044117647,0.073529412,0,0.022058824,0.036764706, DNA
0.125925926,0.133333333,0.014814815,0.02962963,0.014814815,0.051851852,0.059259259,0.051851852,0.014814815,0.051851852,0.096296296,0.081481481,0.014814815,0.022222222,0.044444444,0.044444444,0.081481481,0,0.022222222,0.044444444, DNA
0.132352941,0.132352941,0.007352941,0.029411765,0.014705882,0.051470588,0.058823529,0.044117647,0.014705882,0.051470588,0.088235294,0.102941176,0.022058824,0.029411765,0.044117647,0.029411765,0.073529412,0,0.022058824,0.051470588, DNA
0.090614887,0.077669903,0.048543689,0.045307443,0.006472492,0.061488673,0.071197411,0.025889968,0.055016181,0.051779935,0.126213592,0.061488673,0.006472492,0.025889968,0.055016181,0.035598706,0.038834951,0.01618123,0.025889968,0.074433657, DNA
0.060386473,0.033816425,0.019323671,0.074879227,0.019323671,0.084541063,0.036231884,0.130434783,0.072463768,0.048309179,0.048309179,0.077294686,0.019323671,0.026570048,0.055555556,0.055555556,0.057971014,0.004830918,0.014492754,0.060386473, DNA
0.083783784,0.056756757,0.045945946,0.059459459,0.032432432,0.07027027,0.035135135,0.067567568,0.016216216,0.043243243,0.1,0.048648649,0.016216216,0.043243243,0.062162162,0.067567568,0.059459459,0.016216216,0.024324324,0.051351351, DNA
0.045454545,0.051948052,0.032467532,0.043290043,0.038961039,0.058441558,0.043290043,0.071428571,0.017316017,0.047619048,0.0995671,0.058441558,0.03030303,0.034632035,0.095238095,0.095238095,0.067099567,0.002164502,0.025974026,0.041125541, DNA
0.076923077,0.038461538,0.025641026,0.064102564,0.012820513,0.051282051,0.051282051,0.076923077,0,0.076923077,0.115384615,0.076923077,0.025641026,0.012820513,0.012820513,0.076923077,0.08974359,0.012820513,0.025641026,0.076923077, DNA
0.125,0.045454545,0.051136364,0.051136364,0.022727273,0.113636364,0.102272727,0.028409091,0.011363636,0.0625,0.090909091,0.056818182,0.017045455,0.017045455,0.022727273,0.096590909,0.028409091,0.005681818,0.005681818,0.045454545, DNA
0.07550077,0.036979969,0.049306626,0.049306626,0.027734977,0.073959938,0.053929122,0.047765794,0.023112481,0.063174114,0.083204931,0.092449923,0.033898305,0.036979969,0.026194145,0.07550077,0.049306626,0.010785824,0.032357473,0.058551618, DNA
0.128205128,0.102564103,0.064102564,0.038461538,0,0.08974359,0.038461538,0.076923077,0.012820513,0.08974359,0.08974359,0.025641026,0.025641026,0.012820513,0,0.076923077,0.051282051,0,0,0.076923077, DNA
0.125223614,0.033989267,0.023255814,0.041144902,0.005366726,0.075134168,0.069767442,0.076923077,0.012522361,0.055456172,0.076923077,0.057245081,0.035778175,0.02862254,0.067978533,0.062611807,0.051878354,0.005366726,0.019677996,0.075134168, DNA
0.057377049,0.040983607,0.057377049,0.052459016,0.021311475,0.072131148,0.050819672,0.049180328,0.018032787,0.049180328,0.068852459,0.075409836,0.014754098,0.047540984,0.047540984,0.07704918,0.055737705,0.027868852,0.031147541,0.085245902, DNA
0.108504399,0.073313783,0.041055718,0.04398827,0.011730205,0.082111437,0.029325513,0.06744868,0.023460411,0.061583578,0.073313783,0.04398827,0.046920821,0.032258065,0.046920821,0.049853372,0.046920821,0.011730205,0.035190616,0.070381232, DNA
0.051372896,0.054030115,0.054030115,0.072630647,0.007971656,0.095659876,0.040744021,0.045172719,0.019486271,0.055801594,0.109831709,0.105403012,0.017714792,0.041629761,0.036315323,0.061116032,0.04340124,0.011514615,0.034543844,0.041629761, DNA
0.037593985,0.045112782,0.090225564,0.007518797,0.067669173,0.015037594,0.045112782,0.052631579,0.022556391,0.112781955,0.07518797,0.037593985,0.022556391,0.037593985,0.045112782,0.07518797,0.112781955,0.007518797,0.030075188,0.060150376, DNA
0.095959596,0.060606061,0.055555556,0.04040404,0.015151515,0.04040404,0.03030303,0.04040404,0.02020202,0.106060606,0.075757576,0.080808081,0.025252525,0.045454545,0.045454545,0.070707071,0.04040404,0,0.045454545,0.065656566, DNA
0.031746032,0.063492063,0.111111111,0.023809524,0.015873016,0.087301587,0.03968254,0.023809524,0.031746032,0.095238095,0.079365079,0.111111111,0.031746032,0.03968254,0.023809524,0.079365079,0.047619048,0.007936508,0.015873016,0.03968254, DNA
0.095348837,0.051162791,0.053488372,0.039534884,0.011627907,0.06744186,0.069767442,0.086046512,0.03255814,0.048837209,0.062790698,0.048837209,0.03255814,0.023255814,0.037209302,0.111627907,0.053488372,0.004651163,0.025581395,0.044186047, DNA
0.04109589,0.044520548,0.058219178,0.068493151,0.020547945,0.099315068,0.02739726,0.054794521,0.010273973,0.082191781,0.071917808,0.106164384,0.02739726,0.071917808,0.023972603,0.047945205,0.017123288,0.010273973,0.054794521,0.061643836, DNA
0.058823529,0.054901961,0.021568627,0.056862745,0.021568627,0.074509804,0.068627451,0.060784314,0.033333333,0.015686275,0.074509804,0.041176471,0.029411765,0.049019608,0.139215686,0.070588235,0.029411765,0.007843137,0.049019608,0.043137255, DNA
0.046121593,0.060796646,0.039832285,0.056603774,0.023060797,0.077568134,0.062893082,0.048218029,0.033542977,0.027253669,0.056603774,0.046121593,0.039832285,0.052410901,0.113207547,0.081761006,0.031446541,0.008385744,0.052410901,0.041928721, DNA
0.069462647,0.04587156,0.055045872,0.041939712,0.007863696,0.076015727,0.098296199,0.040629096,0.028833552,0.038007864,0.100917431,0.057667104,0.02621232,0.01965924,0.076015727,0.078636959,0.04587156,0.009174312,0.024901704,0.05897772, DNA
0.06,0.05,0.042,0.048,0.026,0.066,0.046,0.07,0.02,0.042,0.072,0.062,0.028,0.038,0.064,0.086,0.066,0.012,0.034,0.068, DNA
0.067944251,0.042682927,0.037456446,0.06358885,0.007839721,0.079268293,0.036585366,0.053135889,0.018292683,0.047909408,0.073170732,0.138501742,0.024390244,0.023519164,0.042682927,0.114982578,0.049651568,0.006968641,0.026132404,0.045296167, DNA
0.053672316,0.038135593,0.048022599,0.06779661,0.021186441,0.080508475,0.040960452,0.050847458,0.026836158,0.042372881,0.100282486,0.088983051,0.032485876,0.050847458,0.04519774,0.066384181,0.043785311,0.016949153,0.036723164,0.048022599, DNA
0.066496164,0.066496164,0.030690537,0.04859335,0.007672634,0.038363171,0.04859335,0.089514066,0.023017903,0.04859335,0.056265985,0.035805627,0.015345269,0.020460358,0.099744246,0.115089514,0.066496164,0.00511509,0.043478261,0.074168798, DNA
0.052459016,0.036065574,0.055737705,0.075409836,0.009836066,0.06557377,0.013114754,0.039344262,0.019672131,0.085245902,0.075409836,0.118032787,0.029508197,0.039344262,0.026229508,0.078688525,0.036065574,0.019672131,0.062295082,0.062295082, DNA
0.062381853,0.035916824,0.028355388,0.06805293,0.009451796,0.060491493,0.043478261,0.054820416,0.024574669,0.032136106,0.111531191,0.051039698,0.02268431,0.032136106,0.100189036,0.132325142,0.047258979,0.005671078,0.015122873,0.062381853, DNA
0.082677165,0.072834646,0.043307087,0.053149606,0.037401575,0.053149606,0.057086614,0.100393701,0.021653543,0.043307087,0.088582677,0.043307087,0.027559055,0.035433071,0.047244094,0.102362205,0.015748031,0.003937008,0.023622047,0.047244094, DNA
0.077951002,0.071269488,0.033407572,0.040089087,0.042316258,0.06013363,0.035634744,0.102449889,0.020044543,0.04454343,0.073496659,0.033407572,0.0155902,0.037861915,0.093541203,0.069042316,0.046770601,0.017817372,0.011135857,0.073496659, DNA
0.130371449,0.052439913,0.019664967,0.042971595,0.018936635,0.035688274,0.092498179,0.088128186,0.03423161,0.032046613,0.125273125,0.027676621,0.008739985,0.01019665,0.073561544,0.048798252,0.056809905,0.003641661,0.002913328,0.095411508, DNA
0.062745098,0.070588235,0.031372549,0.058823529,0.015686275,0.082352941,0.041176471,0.058823529,0.021568627,0.041176471,0.109803922,0.068627451,0.031372549,0.050980392,0.039215686,0.068627451,0.049019608,0.01372549,0.021568627,0.062745098, DNA
0.076124567,0.079584775,0.017301038,0.062283737,0.010380623,0.055363322,0.062283737,0.069204152,0.024221453,0.055363322,0.107266436,0.034602076,0.027681661,0.048442907,0.058823529,0.041522491,0.065743945,0.01384083,0.048442907,0.041522491, DNA
0.122137405,0.083969466,0.022900763,0.045801527,0,0.099236641,0.030534351,0.114503817,0.022900763,0.015267176,0.045801527,0.061068702,0.030534351,0.030534351,0.022900763,0.122137405,0.022900763,0.015267176,0.045801527,0.045801527, DNA
0.114155251,0.109589041,0.01369863,0.02283105,0.01826484,0.073059361,0.01369863,0.095890411,0.03652968,0.00913242,0.141552511,0.02739726,0.01369863,0.04109589,0.082191781,0.03652968,0.0456621,0.01369863,0.03196347,0.059360731, DNA
0.060102302,0.04859335,0.038363171,0.056265985,0.033248082,0.063938619,0.049872123,0.067774936,0.024296675,0.024296675,0.109974425,0.063938619,0.019181586,0.051150895,0.066496164,0.085677749,0.047314578,0.012787724,0.030690537,0.046035806, DNA
0.048723898,0.020881671,0.048723898,0.041763341,0.004640371,0.051044084,0.039443155,0.039443155,0.011600928,0.053364269,0.109048724,0.07424594,0.016241299,0.03712297,0.120649652,0.139211137,0.067285383,0.009280742,0.018561485,0.048723898, DNA
0.062770563,0.054112554,0.038961039,0.045454545,0.028138528,0.060606061,0.03030303,0.069264069,0.032467532,0.043290043,0.103896104,0.056277056,0.036796537,0.036796537,0.075757576,0.097402597,0.051948052,0.004329004,0.019480519,0.051948052, DNA
0.051948052,0.048701299,0.053030303,0.062770563,0.021645022,0.063852814,0.046536797,0.033549784,0.022727273,0.069264069,0.096320346,0.067099567,0.015151515,0.055194805,0.050865801,0.104978355,0.051948052,0.004329004,0.03030303,0.04978355, DNA
0.049603175,0.069444444,0.075396825,0.06547619,0.013888889,0.061507937,0.047619048,0.045634921,0.025793651,0.051587302,0.099206349,0.069444444,0.025793651,0.041666667,0.027777778,0.093253968,0.041666667,0.023809524,0.027777778,0.043650794, DNA
0.091666667,0.083333333,0.043055556,0.052777778,0.008333333,0.081944444,0.065277778,0.070833333,0.025,0.043055556,0.108333333,0.033333333,0.033333333,0.030555556,0.027777778,0.048611111,0.045833333,0.018055556,0.031944444,0.056944444, DNA
0.051630435,0.038043478,0.046195652,0.035326087,0.029891304,0.0625,0.0625,0.038043478,0.051630435,0.035326087,0.067934783,0.070652174,0.029891304,0.024456522,0.048913043,0.086956522,0.076086957,0.02173913,0.04076087,0.081521739, DNA
0.038461538,0.069230769,0.076923077,0.046153846,0.015384615,0.107692308,0.069230769,0.023076923,0,0.084615385,0.146153846,0.069230769,0.015384615,0.007692308,0.007692308,0.069230769,0.030769231,0.007692308,0.038461538,0.076923077, DNA
0.03926097,0.043879908,0.048498845,0.066974596,0.013856813,0.076212471,0.030023095,0.060046189,0.018475751,0.096997691,0.094688222,0.071593533,0.025404157,0.055427252,0.032332564,0.053117783,0.062355658,0.006928406,0.041570439,0.062355658, DNA
0.017220172,0.027060271,0.269372694,0.044280443,0.013530135,0.03198032,0.044280443,0.045510455,0.036900369,0.029520295,0.076260763,0.057810578,0.045510455,0.028290283,0.023370234,0.129151292,0.024600246,0.006150062,0.024600246,0.024600246, DNA
0.037383178,0.088785047,0.046728972,0.042056075,0.018691589,0.08411215,0.051401869,0.042056075,0.014018692,0.08411215,0.08411215,0.060747664,0.03271028,0.042056075,0.046728972,0.088785047,0.046728972,0.009345794,0.03271028,0.046728972, DNA
0.093085106,0.055851064,0.04787234,0.042553191,0.013297872,0.079787234,0.074468085,0.07712766,0.02393617,0.055851064,0.066489362,0.061170213,0.04787234,0.018617021,0.058510638,0.085106383,0.034574468,0.002659574,0.037234043,0.02393617, DNA
0.101449275,0.065217391,0.043478261,0.036231884,0.02173913,0.144927536,0.072463768,0.02173913,0.014492754,0.043478261,0.072463768,0.101449275,0.02173913,0.036231884,0.007246377,0.072463768,0.057971014,0,0.02173913,0.043478261, DNA
0.061068702,0.066157761,0.03562341,0.050890585,0.025445293,0.076335878,0.038167939,0.058524173,0.030534351,0.020356234,0.081424936,0.050890585,0.030534351,0.027989822,0.114503817,0.096692112,0.055979644,0.010178117,0.022900763,0.045801527, DNA
0.059431525,0.062015504,0.020671835,0.043927649,0.031007752,0.082687339,0.036175711,0.062015504,0.028423773,0.023255814,0.090439276,0.062015504,0.025839793,0.033591731,0.098191214,0.090439276,0.059431525,0.007751938,0.031007752,0.051679587, DNA
0.050359712,0.050359712,0.050359712,0.050359712,0,0.086330935,0.09352518,0.043165468,0.021582734,0.050359712,0.122302158,0.071942446,0.043165468,0.035971223,0.007194245,0.064748201,0.086330935,0,0.043165468,0.028776978, DNA
0.098765432,0.061728395,0,0.086419753,0,0.074074074,0.061728395,0.074074074,0.024691358,0,0.172839506,0.074074074,0.024691358,0.049382716,0.012345679,0.037037037,0.012345679,0,0,0.135802469, DNA
0.056396149,0.061898212,0.03301238,0.055020633,0.037138927,0.107290234,0.055020633,0.053645117,0.045392022,0.030261348,0.048143054,0.089408528,0.031636864,0.023383769,0.068775791,0.046767538,0.064649243,0.001375516,0.024759285,0.066024759, DNA
0.06097561,0.108231707,0.021341463,0.070121951,0.050304878,0.088414634,0.06097561,0.051829268,0.028963415,0.033536585,0.067073171,0.070121951,0.019817073,0.022865854,0.077743902,0.06402439,0.033536585,0.010670732,0.024390244,0.035060976, DNA
0.11837238,0.101109741,0.008631319,0.043156597,0.001233046,0.110974106,0.027127004,0.076448829,0.013563502,0.017262639,0.165228113,0.030826141,0.017262639,0.038224414,0.05918619,0.027127004,0.043156597,0.002466091,0.034525277,0.064118372, DNA
0.107692308,0.030769231,0.076923077,0.030769231,0.015384615,0.038461538,0.046153846,0.069230769,0,0.061538462,0.053846154,0.046153846,0.023076923,0.030769231,0.046153846,0.1,0.069230769,0.015384615,0.030769231,0.107692308, RNA
0.071895425,0.058823529,0.052287582,0.10130719,0.003267974,0.091503268,0.039215686,0.075163399,0.006535948,0.032679739,0.055555556,0.094771242,0.022875817,0.022875817,0.039215686,0.111111111,0.022875817,0,0.026143791,0.071895425, RNA
0.070395371,0.032786885,0.06075217,0.031822565,0.024108004,0.045323047,0.076181292,0.094503375,0.036644166,0.046287367,0.077145612,0.039537126,0.017357763,0.031822565,0.034715526,0.150433944,0.046287367,0.00192864,0.024108004,0.057859209, RNA
0.089147287,0.062015504,0.042635659,0.034883721,0.011627907,0.050387597,0.019379845,0.081395349,0.015503876,0.050387597,0.085271318,0.089147287,0.027131783,0.050387597,0.03875969,0.081395349,0.069767442,0,0.023255814,0.07751938, RNA
0.101351351,0.067567568,0.027027027,0.006756757,0.006756757,0.040540541,0.013513514,0.094594595,0.047297297,0.033783784,0.087837838,0.087837838,0.02027027,0.02027027,0.054054054,0.060810811,0.074324324,0.006756757,0.040540541,0.108108108, RNA
0.201754386,0.114035088,0.00877193,0.052631579,0,0.01754386,0.026315789,0.078947368,0.01754386,0.043859649,0.070175439,0.087719298,0.00877193,0.01754386,0,0.078947368,0.087719298,0,0.035087719,0.052631579, RNA
0.081419624,0.048016701,0.054279749,0.054279749,0.016701461,0.083507307,0.060542797,0.045929019,0.014613779,0.056367432,0.102296451,0.079331942,0.027139875,0.03131524,0.039665971,0.054279749,0.048016701,0.008350731,0.020876827,0.073068894, RNA
0.039670659,0.078592814,0.032185629,0.047904192,0.005239521,0.057634731,0.08008982,0.152694611,0.039670659,0.024700599,0.05239521,0.038173653,0.039670659,0.034431138,0.145958084,0.050149701,0.028443114,0.016467066,0.008982036,0.026946108, RNA
0.059467919,0.048513302,0.043818466,0.03286385,0.006259781,0.046948357,0.059467919,0.097026604,0.021909233,0.031298905,0.056338028,0.042253521,0.053208138,0.012519562,0.208137715,0.061032864,0.061032864,0.010954617,0.014084507,0.03286385, RNA
0.133105802,0.092150171,0.034129693,0.034129693,0.017064846,0.037542662,0.040955631,0.081911263,0.040955631,0.037542662,0.109215017,0.023890785,0.013651877,0.051194539,0.075085324,0.054607509,0.04778157,0,0.017064846,0.058020478, RNA
0.085526316,0.131578947,0.039473684,0.013157895,0.026315789,0,0,0.092105263,0.013157895,0.019736842,0.118421053,0.059210526,0.013157895,0.039473684,0.026315789,0.177631579,0.111842105,0,0,0.032894737, RNA
0.096,0.072,0.02,0.044,0.008,0.048,0.044,0.052,0.032,0.048,0.068,0.088,0.024,0.036,0.064,0.06,0.076,0.02,0.024,0.076, RNA
0.087136929,0.049792531,0.053941909,0.045643154,0.020746888,0.10373444,0.045643154,0.037344398,0.024896266,0.078838174,0.053941909,0.070539419,0.024896266,0.012448133,0.033195021,0.062240664,0.058091286,0.020746888,0.041493776,0.074688797, RNA
0.058020478,0.068259386,0.040955631,0.037542662,0,0.102389078,0.023890785,0.075085324,0.010238908,0.037542662,0.105802048,0.075085324,0.013651877,0.051194539,0.058020478,0.109215017,0.064846416,0.006825939,0.010238908,0.051194539, RNA
0.106060606,0.035353535,0.065656566,0.035353535,0.005050505,0.04040404,0.035353535,0.03030303,0.015151515,0.075757576,0.060606061,0.111111111,0.025252525,0.055555556,0.055555556,0.101010101,0.075757576,0,0.02020202,0.050505051, RNA
0.097402597,0.061688312,0.032467532,0.048701299,0.003246753,0.071428571,0.022727273,0.074675325,0.012987013,0.048701299,0.068181818,0.071428571,0.025974026,0.038961039,0.058441558,0.064935065,0.081168831,0.003246753,0.025974026,0.087662338, RNA
0.035211268,0.063380282,0.049295775,0.049295775,0.035211268,0.070422535,0.021126761,0.028169014,0.070422535,0.035211268,0.077464789,0.077464789,0.028169014,0.021126761,0.091549296,0.042253521,0.063380282,0.014084507,0.049295775,0.077464789, RNA
0.058823529,0.058823529,0.043137255,0.050980392,0.003921569,0.062745098,0.043137255,0.062745098,0.023529412,0.054901961,0.08627451,0.133333333,0.015686275,0.043137255,0.019607843,0.062745098,0.066666667,0.007843137,0.007843137,0.094117647, RNA
0.049242424,0.045454545,0.037878788,0.064393939,0.018939394,0.056818182,0.045454545,0.075757576,0.022727273,0.045454545,0.068181818,0.143939394,0.041666667,0.037878788,0.026515152,0.041666667,0.064393939,0.007575758,0.018939394,0.087121212, RNA
0.049242424,0.053030303,0.037878788,0.064393939,0.015151515,0.056818182,0.045454545,0.075757576,0.018939394,0.045454545,0.068181818,0.143939394,0.041666667,0.037878788,0.026515152,0.041666667,0.064393939,0.007575758,0.018939394,0.087121212, RNA
0.094202899,0.112318841,0.025362319,0.036231884,0.003623188,0.039855072,0.028985507,0.115942029,0.028985507,0.057971014,0.057971014,0.09057971,0.010869565,0.025362319,0.076086957,0.036231884,0.039855072,0.014492754,0.025362319,0.079710145, RNA
0.094545455,0.116363636,0.032727273,0.029090909,0.003636364,0.047272727,0.018181818,0.12,0.029090909,0.04,0.069090909,0.083636364,0.010909091,0.018181818,0.065454545,0.047272727,0.061818182,0.007272727,0.029090909,0.076363636, RNA
0.0723589,0.060781476,0.017366136,0.05788712,0.001447178,0.095513748,0.034732272,0.085383502,0.023154848,0.081041968,0.070911722,0.059334298,0.02894356,0.031837916,0.054992764,0.031837916,0.063675832,0.004341534,0.031837916,0.092619392, RNA
0.0723589,0.060781476,0.018813314,0.05788712,0.001447178,0.095513748,0.034732272,0.085383502,0.020260492,0.081041968,0.070911722,0.060781476,0.02894356,0.031837916,0.054992764,0.031837916,0.063675832,0.004341534,0.031837916,0.092619392, RNA
0.097826087,0.119565217,0.032608696,0.010869565,0,0.010869565,0.054347826,0.119565217,0.02173913,0.02173913,0.130434783,0.065217391,0.02173913,0.010869565,0.076086957,0.076086957,0.032608696,0.043478261,0.010869565,0.043478261, RNA
0.078014184,0.046099291,0.046099291,0.031914894,0,0.04964539,0.067375887,0.070921986,0.017730496,0.060283688,0.063829787,0.078014184,0.060283688,0.053191489,0.124113475,0.042553191,0.042553191,0,0.017730496,0.04964539, RNA
0.033898305,0.101694915,0.06779661,0.016949153,0.06779661,0.033898305,0,0.06779661,0.033898305,0.016949153,0.050847458,0.13559322,0.06779661,0.033898305,0.050847458,0.084745763,0.050847458,0,0.016949153,0.06779661, RNA
0.087719298,0.070175439,0.052631579,0,0,0.01754386,0.01754386,0.035087719,0,0.070175439,0.070175439,0.210526316,0.01754386,0.052631579,0.01754386,0.122807018,0.052631579,0.035087719,0.035087719,0.035087719, RNA
0.074074074,0.074074074,0.012345679,0.032921811,0.012345679,0.074074074,0.032921811,0.094650206,0.012345679,0.061728395,0.086419753,0.082304527,0.024691358,0.028806584,0.069958848,0.041152263,0.053497942,0.004115226,0.024691358,0.102880658, RNA
0.087719298,0.122807018,0.01754386,0.052631579,0,0.01754386,0.035087719,0.070175439,0.070175439,0.035087719,0.052631579,0.105263158,0.035087719,0,0.01754386,0.087719298,0.087719298,0,0.035087719,0.070175439, RNA
0.049751244,0.059701493,0.024875622,0.044776119,0.004975124,0.07960199,0.024875622,0.044776119,0.034825871,0.039800995,0.109452736,0.094527363,0.019900498,0.034825871,0.044776119,0.084577114,0.064676617,0.014925373,0.034825871,0.089552239, RNA
0.115384615,0.0625,0.024038462,0.019230769,0.004807692,0.038461538,0.043269231,0.072115385,0.009615385,0.038461538,0.105769231,0.086538462,0.009615385,0.038461538,0.0625,0.086538462,0.076923077,0.004807692,0.024038462,0.076923077, RNA
0.049242424,0.053030303,0.037878788,0.064393939,0.015151515,0.056818182,0.045454545,0.071969697,0.018939394,0.045454545,0.068181818,0.143939394,0.041666667,0.037878788,0.026515152,0.045454545,0.064393939,0.007575758,0.018939394,0.087121212, RNA
0.149484536,0.046391753,0.051546392,0.025773196,0.033505155,0.036082474,0.067010309,0.038659794,0.025773196,0.033505155,0.072164948,0.046391753,0.038659794,0.030927835,0.090206186,0.051546392,0.077319588,0.00257732,0.020618557,0.06185567, RNA
0.076923077,0.106227106,0.054945055,0.036630037,0.007326007,0.04029304,0.021978022,0.124542125,0.032967033,0.04029304,0.054945055,0.091575092,0.021978022,0.014652015,0.062271062,0.036630037,0.051282051,0.007326007,0.021978022,0.095238095, RNA
0.145299145,0.008547009,0.025641026,0.034188034,0.008547009,0.128205128,0.034188034,0.051282051,0.008547009,0.076923077,0.085470085,0.136752137,0.008547009,0.008547009,0.034188034,0.025641026,0.008547009,0,0.034188034,0.136752137, RNA
0.057831325,0.043373494,0.03373494,0.038554217,0.009638554,0.077108434,0.03373494,0.081927711,0.014457831,0.098795181,0.081927711,0.079518072,0.021686747,0.026506024,0.05060241,0.062650602,0.053012048,0.01686747,0.019277108,0.098795181, RNA
0.074766355,0.121495327,0.056074766,0.018691589,0.009345794,0.065420561,0.065420561,0.046728972,0.009345794,0.074766355,0.08411215,0.102803738,0.009345794,0,0.065420561,0.074766355,0.037383178,0.018691589,0.018691589,0.046728972, RNA
0.058236273,0.079866889,0.053244592,0.074875208,0.008319468,0.069883527,0.036605657,0.121464226,0.021630616,0.054908486,0.06156406,0.048252912,0.021630616,0.041597338,0.043261231,0.058236273,0.046589018,0.003327787,0.023294509,0.073211314, RNA
0.097928437,0.033898305,0.069679849,0.047080979,0.005649718,0.032015066,0.054613936,0.071563089,0.028248588,0.054613936,0.099811676,0.062146893,0.02259887,0.04519774,0.052730697,0.088512241,0.043314501,0,0.018832392,0.071563089, RNA
0.057649667,0.050997783,0.037694013,0.070953437,0.011086475,0.055432373,0.031042129,0.062084257,0.035476718,0.048780488,0.082039911,0.070953437,0.019955654,0.031042129,0.035476718,0.088691796,0.075388027,0.026607539,0.024390244,0.084257206, RNA
0.069518717,0.128342246,0.005347594,0.064171123,0.005347594,0.058823529,0.048128342,0.07486631,0.042780749,0.026737968,0.128342246,0.021390374,0.016042781,0.053475936,0.080213904,0.058823529,0.032085561,0.010695187,0.016042781,0.058823529, RNA
0.067510549,0.053445851,0.043600563,0.049226442,0.008438819,0.054852321,0.037974684,0.075949367,0.026722925,0.040787623,0.098452883,0.064697609,0.021097046,0.042194093,0.075949367,0.099859353,0.053445851,0.007032349,0.021097046,0.05766526, RNA
0.071111111,0.04,0.071111111,0.044444444,0,0.053333333,0.053333333,0.062222222,0.017777778,0.057777778,0.062222222,0.111111111,0.044444444,0.062222222,0.062222222,0.044444444,0.071111111,0,0.031111111,0.04, RNA
0.061674009,0.066079295,0.046255507,0.052863436,0.017621145,0.070484581,0.022026432,0.052863436,0.022026432,0.066079295,0.094713656,0.081497797,0.024229075,0.033039648,0.052863436,0.094713656,0.057268722,0.00660793,0.024229075,0.052863436, RNA
0.080645161,0.10483871,0.032258065,0.024193548,0,0.048387097,0.064516129,0.064516129,0,0.072580645,0.120967742,0.177419355,0.008064516,0.032258065,0.008064516,0.024193548,0.064516129,0,0.008064516,0.064516129, RNA
0.018348624,0.04587156,0.077981651,0.059633028,0,0.068807339,0.02293578,0.064220183,0.02293578,0.114678899,0.077981651,0.100917431,0.032110092,0.064220183,0.027522936,0.055045872,0.032110092,0.004587156,0.050458716,0.059633028, RNA
0.099767981,0.087006961,0.019721578,0.046403712,0.010440835,0.112529002,0.023201856,0.060324826,0.017401392,0.02900232,0.118329466,0.056844548,0.020881671,0.035962877,0.061484919,0.035962877,0.041763341,0.02900232,0.02900232,0.064965197, RNA
0.029850746,0.149253731,0.044776119,0.044776119,0,0.089552239,0.014925373,0.074626866,0,0.044776119,0.089552239,0.059701493,0.029850746,0.014925373,0.029850746,0.044776119,0.089552239,0,0,0.149253731, RNA
0.050632911,0.060126582,0.050632911,0.068037975,0.022151899,0.047468354,0.053797468,0.039556962,0.030063291,0.050632911,0.090189873,0.056962025,0.036392405,0.047468354,0.036392405,0.118670886,0.05221519,0.006329114,0.028481013,0.053797468, RNA
0.048353909,0.04218107,0.027777778,0.08436214,0.017489712,0.076131687,0.030864198,0.060699588,0.025720165,0.063786008,0.093621399,0.060699588,0.022633745,0.043209877,0.059670782,0.049382716,0.069958848,0.008230453,0.031893004,0.083333333, RNA
0.048209366,0.044077135,0.049586777,0.049586777,0.016528926,0.092286501,0.038567493,0.063360882,0.011019284,0.056473829,0.092286501,0.079889807,0.039944904,0.041322314,0.035812672,0.070247934,0.053719008,0.019283747,0.035812672,0.061983471, RNA
0.029850746,0.149253731,0.014925373,0.044776119,0,0.089552239,0.014925373,0.089552239,0,0.044776119,0.089552239,0.059701493,0.029850746,0.014925373,0.029850746,0.029850746,0.119402985,0,0,0.149253731, RNA
0.038216561,0.082802548,0.050955414,0.031847134,0.01910828,0.031847134,0.044585987,0.063694268,0.01910828,0.095541401,0.070063694,0.114649682,0.012738854,0.044585987,0.038216561,0.057324841,0.050955414,0,0.050955414,0.082802548, RNA
0.028985507,0.15942029,0.014492754,0.057971014,0.014492754,0.072463768,0.057971014,0.072463768,0,0.043478261,0.086956522,0.043478261,0.028985507,0.014492754,0.028985507,0.072463768,0.086956522,0,0,0.115942029, RNA
0.085173502,0.089905363,0.017350158,0.045741325,0,0.09148265,0.039432177,0.08044164,0.018927445,0.042586751,0.132492114,0.041009464,0.012618297,0.028391167,0.045741325,0.048895899,0.052050473,0.012618297,0.022082019,0.093059937, RNA
0.062159215,0.043620502,0.044711014,0.07742639,0.006543075,0.078516903,0.032715376,0.058887677,0.029443839,0.05997819,0.079607415,0.074154853,0.020719738,0.043620502,0.041439477,0.054525627,0.056706652,0.019629226,0.041439477,0.074154853, RNA
0.132743363,0.123893805,0.044247788,0.044247788,0,0.061946903,0,0.053097345,0.026548673,0.07079646,0.088495575,0.097345133,0.017699115,0.008849558,0.026548673,0.03539823,0.026548673,0,0.044247788,0.097345133, RNA
0.040114613,0.045845272,0.034383954,0.06017192,0.022922636,0.085959885,0.048710602,0.051575931,0.014326648,0.063037249,0.088825215,0.094555874,0.031518625,0.042979943,0.065902579,0.071633238,0.051575931,0.008595989,0.037249284,0.040114613, RNA
0.074074074,0.015873016,0.021164021,0.037037037,0.021164021,0.031746032,0.042328042,0.042328042,0.015873016,0.084656085,0.084656085,0.037037037,0.021164021,0.031746032,0.105820106,0.08994709,0.142857143,0.010582011,0.015873016,0.074074074, RNA
0.031161473,0.07082153,0.053824363,0.04815864,0.002832861,0.062322946,0.028328612,0.243626062,0.019830028,0.025495751,0.028328612,0.053824363,0.019830028,0.053824363,0.042492918,0.07082153,0.033994334,0.002832861,0.062322946,0.045325779, RNA
0.04743833,0.098671727,0.009487666,0.060721063,0.007590133,0.14800759,0.011385199,0.070208729,0.015180266,0.034155598,0.10056926,0.045540797,0.015180266,0.045540797,0.064516129,0.026565465,0.043643264,0.022770398,0.030360531,0.102466793, RNA
0.059158134,0.025028441,0.109215017,0.042093288,0.003412969,0.054607509,0.077360637,0.050056883,0.029579067,0.058020478,0.069397042,0.067121729,0.021615472,0.042093288,0.055745165,0.117178612,0.035267349,0.001137656,0.036405006,0.045506257, RNA
0.182926829,0.026422764,0.040650407,0.012195122,0.006097561,0.058943089,0.046747967,0.12195122,0.004065041,0.042682927,0.083333333,0.048780488,0.008130081,0.016260163,0.075203252,0.069105691,0.056910569,0.00203252,0.024390244,0.073170732, RNA
0.023255814,0.093023256,0.011627907,0.023255814,0.081395349,0.034883721,0.093023256,0.069767442,0.034883721,0.023255814,0.034883721,0.104651163,0.011627907,0.023255814,0.11627907,0.081395349,0.069767442,0.011627907,0.023255814,0.034883721, RNA
0.106382979,0.005319149,0.042553191,0.031914894,0.010638298,0.021276596,0.04787234,0.037234043,0.026595745,0.058510638,0.111702128,0.04787234,0.010638298,0.015957447,0.095744681,0.106382979,0.111702128,0.005319149,0.04787234,0.058510638, RNA
0.1171875,0.125,0.03125,0.046875,0,0.0390625,0.046875,0.109375,0.0078125,0.03125,0.078125,0.0859375,0.0078125,0.0390625,0.0390625,0.015625,0.03125,0,0.0625,0.0859375, RNA
0.046511628,0.081395349,0.046511628,0.046511628,0.01744186,0.093023256,0.046511628,0.104651163,0.01744186,0.034883721,0.063953488,0.034883721,0.011627907,0.052325581,0.034883721,0.104651163,0.063953488,0.029069767,0.023255814,0.046511628, RNA
0.074074074,0.024691358,0.074074074,0.024691358,0.074074074,0.061728395,0.098765432,0.037037037,0,0.111111111,0.049382716,0.12345679,0.037037037,0.049382716,0.037037037,0.049382716,0.024691358,0,0.024691358,0.024691358, RNA
0.067476383,0.051282051,0.041835358,0.068825911,0.018893387,0.083670715,0.036437247,0.070175439,0.041835358,0.039136302,0.114709852,0.083670715,0.014844804,0.037786775,0.032388664,0.060728745,0.039136302,0.009446694,0.024291498,0.0634278, RNA
0.091160221,0.049723757,0.016574586,0.041436464,0.011049724,0.052486188,0.033149171,0.104972376,0.024861878,0.027624309,0.055248619,0.046961326,0.044198895,0.060773481,0.085635359,0.071823204,0.080110497,0.005524862,0.033149171,0.063535912, RNA
0.056701031,0.067010309,0.034364261,0.051546392,0.008591065,0.115120275,0.037800687,0.041237113,0.017182131,0.058419244,0.063573883,0.154639175,0.018900344,0.02233677,0.0395189,0.077319588,0.053264605,0.008591065,0.015463918,0.058419244, RNA
0.118181818,0.090909091,0.027272727,0.081818182,0,0.036363636,0.018181818,0.036363636,0.036363636,0.081818182,0.072727273,0.118181818,0.027272727,0.009090909,0.018181818,0.063636364,0.054545455,0,0.009090909,0.1, RNA
0.136094675,0.026627219,0.032544379,0.050295858,0.00295858,0.106508876,0.023668639,0.050295858,0.00295858,0.071005917,0.106508876,0.121301775,0.017751479,0.023668639,0.059171598,0.032544379,0.032544379,0.00295858,0.017751479,0.082840237, RNA
0.04494382,0.06741573,0.04494382,0.08988764,0.02247191,0.112359551,0.02247191,0.04494382,0.011235955,0.06741573,0.134831461,0.02247191,0.02247191,0.02247191,0.02247191,0.06741573,0.078651685,0,0.02247191,0.078651685, RNA
0.056306306,0.065315315,0.074324324,0.047297297,0.018018018,0.072072072,0.033783784,0.042792793,0.022522523,0.06981982,0.099099099,0.09009009,0.029279279,0.047297297,0.036036036,0.076576577,0.042792793,0.002252252,0.024774775,0.04954955, RNA
0.081632653,0.044217687,0.034013605,0.044217687,0.037414966,0.057823129,0.081632653,0.054421769,0.040816327,0.030612245,0.071428571,0.105442177,0.027210884,0.023809524,0.051020408,0.074829932,0.051020408,0.003401361,0.030612245,0.054421769, RNA
0.072815534,0.077669903,0.019417476,0.053398058,0,0.131067961,0.019417476,0.058252427,0.029126214,0.04368932,0.101941748,0.058252427,0.014563107,0.029126214,0.077669903,0.04368932,0.014563107,0,0.029126214,0.126213592, RNA
0.06,0.08,0.01,0.03,0,0.08,0.08,0.15,0.02,0.08,0.04,0.09,0.01,0.04,0,0.03,0.05,0,0.05,0.1, RNA
0.066797642,0.039292731,0.054027505,0.047151277,0.018664047,0.048133595,0.043222004,0.057956778,0.018664047,0.066797642,0.084479371,0.057956778,0.030451866,0.054027505,0.044204322,0.092337917,0.064833006,0.017681729,0.021611002,0.071709234, RNA
0.090507726,0.061810155,0.037527594,0.066225166,0.002207506,0.061810155,0.039735099,0.08388521,0.013245033,0.04415011,0.097130243,0.094922737,0.061810155,0.033112583,0.039735099,0.037527594,0.039735099,0,0.004415011,0.090507726, RNA
0.041067762,0.071868583,0.024640657,0.061601643,0.006160164,0.112936345,0.018480493,0.063655031,0.022587269,0.057494867,0.09650924,0.084188912,0.024640657,0.063655031,0.036960986,0.047227926,0.049281314,0.016427105,0.045174538,0.055441478, RNA
0.055555556,0.072916667,0.020833333,0.045138889,0.006944444,0.09375,0.055555556,0.069444444,0.03125,0.038194444,0.142361111,0.048611111,0.038194444,0.045138889,0.038194444,0.052083333,0.052083333,0.024305556,0.017361111,0.052083333, RNA
0.108695652,0.077639752,0.027950311,0.077639752,0.010869565,0.080745342,0.032608696,0.057453416,0.02484472,0.062111801,0.091614907,0.049689441,0.023291925,0.045031056,0.048136646,0.032608696,0.049689441,0.013975155,0.017080745,0.068322981, RNA
0.119700748,0.037406484,0.082294264,0.029925187,0.014962594,0.029925187,0.089775561,0.064837905,0.032418953,0.034912718,0.087281796,0.034912718,0.034912718,0.027431421,0.059850374,0.089775561,0.049875312,0.004987531,0.032418953,0.042394015, RNA
0.051546392,0.072164948,0.036082474,0.036082474,0,0.082474227,0.051546392,0.051546392,0.020618557,0.072164948,0.092783505,0.12371134,0.010309278,0.056701031,0.046391753,0.067010309,0.036082474,0,0.005154639,0.087628866, RNA
0.117021277,0.063829787,0.031914894,0.053191489,0,0.074468085,0.053191489,0.053191489,0.031914894,0.074468085,0.053191489,0.117021277,0.031914894,0.042553191,0.042553191,0.021276596,0.021276596,0,0.031914894,0.085106383, RNA
0.048769159,0.03576405,0.052020437,0.060380864,0.021830005,0.044588946,0.037621923,0.061774268,0.027403623,0.078495123,0.075708314,0.064561078,0.026010218,0.039944264,0.05620065,0.074779378,0.069670228,0.013469577,0.045517882,0.065490014, RNA
0.066361556,0.041647597,0.048970252,0.04576659,0.023798627,0.053546911,0.041647597,0.070938215,0.022425629,0.052173913,0.080091533,0.054004577,0.02791762,0.043478261,0.054919908,0.070938215,0.066819222,0.014645309,0.042562929,0.077345538, RNA
0.066666667,0.122222222,0.022222222,0.044444444,0,0.105555556,0.055555556,0.044444444,0.027777778,0.061111111,0.122222222,0.094444444,0.027777778,0.011111111,0.05,0.022222222,0.044444444,0.011111111,0.027777778,0.038888889, RNA
0.072702332,0.0521262,0.049382716,0.0521262,0.015089163,0.046639232,0.058984911,0.089163237,0.043895748,0.04526749,0.067215364,0.039780521,0.010973937,0.053497942,0.089163237,0.106995885,0.031550069,0.013717421,0.027434842,0.034293553, RNA
0.065326633,0.090452261,0.030150754,0.035175879,0.020100503,0.055276382,0.010050251,0.050251256,0.030150754,0.085427136,0.095477387,0.115577889,0.035175879,0.055276382,0.035175879,0.060301508,0.045226131,0,0.050251256,0.035175879, RNA
0.052884615,0.105769231,0.048076923,0.028846154,0.024038462,0.067307692,0.028846154,0.086538462,0.019230769,0.057692308,0.081730769,0.149038462,0.004807692,0.014423077,0.033653846,0.048076923,0.043269231,0.014423077,0.048076923,0.043269231, RNA
0.033994334,0.063739377,0.042492918,0.042492918,0.007082153,0.099150142,0.021246459,0.049575071,0.008498584,0.067988669,0.117563739,0.128895184,0.009915014,0.059490085,0.033994334,0.038243626,0.04674221,0.008498584,0.045325779,0.075070822, RNA
0.079545455,0.125,0.045454545,0,0.045454545,0,0.022727273,0.113636364,0.056818182,0,0.022727273,0.125,0.022727273,0.045454545,0.022727273,0.113636364,0.090909091,0.011363636,0.034090909,0.022727273, RNA
0.039215686,0.058823529,0.071895425,0.124183007,0.013071895,0.117647059,0.039215686,0.111111111,0.013071895,0.052287582,0.058823529,0.104575163,0.026143791,0.039215686,0.013071895,0.026143791,0.026143791,0.006535948,0.019607843,0.039215686, RNA
0.120218579,0.092896175,0.071038251,0.021857923,0.016393443,0.038251366,0.043715847,0.071038251,0.027322404,0.049180328,0.06557377,0.114754098,0.005464481,0.027322404,0.032786885,0.038251366,0.054644809,0.005464481,0.027322404,0.076502732, RNA
0.044198895,0.121546961,0.044198895,0.033149171,0,0.060773481,0.022099448,0.060773481,0.022099448,0.044198895,0.121546961,0.110497238,0.033149171,0.038674033,0.033149171,0.066298343,0.060773481,0.005524862,0.027624309,0.049723757, RNA
0.091324201,0.073059361,0.02739726,0.0456621,0.00913242,0.073059361,0.04109589,0.050228311,0.04109589,0.03652968,0.091324201,0.050228311,0.04109589,0.01826484,0.086757991,0.04109589,0.0456621,0.01369863,0.04109589,0.082191781, RNA
0.059633028,0.068807339,0.04587156,0.036697248,0.013761468,0.068807339,0.068807339,0.077981651,0.009174312,0.142201835,0.068807339,0.091743119,0.018348624,0.027522936,0.032110092,0.032110092,0.04587156,0.013761468,0.032110092,0.04587156, RNA
0.103004292,0.090128755,0.030042918,0.038626609,0,0.068669528,0.038626609,0.081545064,0.017167382,0.077253219,0.055793991,0.098712446,0.021459227,0.021459227,0.042918455,0.038626609,0.0472103,0.017167382,0.017167382,0.094420601, RNA
